Run_ID,Method,Best_Guess,True_Min,Relative_Error,Kappa
1,random,5.884351126587674,7.144818003626555,0.1764169327195031,6.0
1,random,7.190514530777859,6.023418463254476,0.1937597519818998,6.0
